{
    "loss": 7.455169677734375,
    "accuracy": 0.5035971403121948
}