{
    "loss": 6.498596668243408,
    "accuracy": 0.5035971403121948
}